coverage,set_size,worst_class_cov,ssc,empty_rate,seed,severity,method,cost_ms
0.9158333333333334,0.9508333333333333,0.89,0.0,0.08416666666666667,0,0.0,Split CP,0.6062999891582876
0.9141666666666667,0.9483333333333334,0.89,0.0,0.08583333333333333,0,0.0,Weighted CP,0.8373000018764287
0.9033333333333333,0.9633333333333334,0.8666666666666667,0.0,0.09166666666666666,0,0.0,Classwise CP,0.36290001298766583
0.9008333333333334,0.9158333333333334,0.88,0.0,0.09916666666666667,0,0.0,ACI,13.371699998970143
0.6725,0.91,0.05333333333333334,0.0,0.10333333333333333,0,0.2,Split CP,0.10900000052060932
0.6783333333333333,0.9166666666666666,0.05333333333333334,0.0,0.09666666666666666,0,0.2,Weighted CP,0.08949999755714089
0.6766666666666666,0.9191666666666667,0.0,0.0,0.08083333333333333,0,0.2,Classwise CP,0.47899999481160194
0.8991666666666667,1.6133333333333333,0.77,0.0,0.043333333333333335,0,0.2,ACI,8.193100002245046
0.6866666666666666,0.9191666666666667,0.0,0.0,0.0875,0,0.4,Split CP,0.1281000004382804
0.6916666666666667,0.9308333333333333,0.0,0.0,0.08,0,0.4,Weighted CP,0.09159999899566174
0.6975,0.9675,0.0,0.0,0.0675,0,0.4,Classwise CP,0.3817000106209889
0.7483333333333333,1.7083333333333333,0.0,0.0,0.0025,0,0.4,ACI,12.94620000408031
0.685,1.5383333333333333,0.0,0.0,0.03333333333333333,0,0.6,Split CP,0.0957000011112541
0.6983333333333334,1.5733333333333333,0.0,0.0,0.02666666666666667,0,0.6,Weighted CP,0.0644999963697046
0.6991666666666667,1.5791666666666666,0.0,0.0,0.019166666666666665,0,0.6,Classwise CP,0.2649000089149922
0.7475,2.180833333333333,0.0,0.5604606525911708,0.0025,0,0.6,ACI,9.930999993230216
0.21833333333333332,1.3466666666666667,0.0,0.0,0.050833333333333335,0,0.8,Split CP,0.11190000805072486
0.22916666666666666,1.3908333333333334,0.0,0.0,0.04083333333333333,0,0.8,Weighted CP,0.08460000390186906
0.23083333333333333,1.3808333333333334,0.0,0.0,0.03166666666666667,0,0.8,Classwise CP,0.36330000148154795
0.6375,2.1108333333333333,0.0,0.4786821705426357,0.005833333333333334,0,0.8,ACI,13.249800002085976
0.21333333333333335,0.885,0.0,0.0,0.115,0,1.0,Split CP,0.16799999866634607
0.215,0.895,0.0,0.0,0.105,0,1.0,Weighted CP,0.11579999409150332
0.22416666666666665,0.9266666666666666,0.0,0.0,0.07333333333333333,0,1.0,Classwise CP,0.5067000020062551
0.24583333333333332,1.2583333333333333,0.0,0.0,0.008333333333333333,0,1.0,ACI,12.610799996764399
0.8975,0.92,0.8533333333333334,0.0,0.1025,1,0.0,Split CP,0.10459999612066895
0.8975,0.92,0.8533333333333334,0.0,0.1025,1,0.0,Weighted CP,0.10350000229664147
0.8941666666666667,0.9291666666666667,0.8766666666666667,0.0,0.10583333333333333,1,0.0,Classwise CP,0.32389999250881374
0.9,0.9091666666666667,0.88,0.0,0.1,1,0.0,ACI,12.507599996752106
0.655,0.8908333333333334,0.043333333333333335,0.0,0.12,1,0.2,Split CP,0.10420000762678683
0.6491666666666667,0.8833333333333333,0.03333333333333333,0.0,0.125,1,0.2,Weighted CP,0.08680000610183924
0.6675,0.9075,0.01,0.0,0.095,1,0.2,Classwise CP,0.3628999984357506
0.8991666666666667,1.5791666666666666,0.82,0.0,0.056666666666666664,1,0.2,ACI,12.425900000380352
0.6741666666666667,0.9158333333333334,0.0,0.0,0.095,1,0.4,Split CP,0.09660000796429813
0.6616666666666666,0.8983333333333333,0.0,0.0,0.11,1,0.4,Weighted CP,0.08239998714998364
0.6883333333333334,0.94,0.0,0.0,0.07583333333333334,1,0.4,Classwise CP,0.2750999992713332
0.75,1.6175,0.0,0.6376021798365122,0.0,1,0.4,ACI,10.769199987407774
0.5266666666666666,1.1733333333333333,0.0,0.0,0.06,1,0.6,Split CP,0.09679999493528157
0.5108333333333334,1.1416666666666666,0.0,0.0,0.065,1,0.6,Weighted CP,0.07029999687802047
0.5725,1.245,0.0,0.0,0.0525,1,0.6,Classwise CP,0.2747999969869852
0.7475,1.8716666666666666,0.0,0.6465721040189125,0.0008333333333333334,1,0.6,ACI,9.529499991913326
0.46416666666666667,0.9341666666666667,0.0,0.0,0.07916666666666666,1,0.8,Split CP,0.1120000088121742
0.4625,0.9258333333333333,0.0,0.0,0.08416666666666667,1,0.8,Weighted CP,0.11069999891333282
0.4675,0.9416666666666667,0.0,0.0,0.06833333333333333,1,0.8,Classwise CP,0.3625999961514026
0.5041666666666667,1.6608333333333334,0.0,0.3731931668856767,0.0,1,0.8,ACI,12.785300001269206
0.4425,1.1458333333333333,0.0,0.0,0.06333333333333334,1,1.0,Split CP,0.09439999121241271
0.44,1.1291666666666667,0.0,0.0,0.0675,1,1.0,Weighted CP,0.06940000457689166
0.44416666666666665,1.145,0.0,0.0,0.056666666666666664,1,1.0,Classwise CP,0.2506000018911436
0.49333333333333335,1.685,0.0,0.36231884057971014,0.005,1,1.0,ACI,10.899599990807474
0.89,1.0141666666666667,0.8433333333333334,0.0,0.105,2,0.0,Split CP,0.09610000415705144
0.8866666666666667,1.0091666666666668,0.84,0.0,0.1075,2,0.0,Weighted CP,0.07520000508520752
0.9,1.1,0.89,0.0,0.08333333333333333,2,0.0,Classwise CP,0.2691000117920339
0.9041666666666667,0.97,0.89,0.0,0.08666666666666667,2,0.0,ACI,12.719299993477762
0.8983333333333333,0.9433333333333334,0.8433333333333334,0.0,0.10166666666666667,2,0.2,Split CP,0.09859999408945441
0.8941666666666667,0.9366666666666666,0.84,0.0,0.10583333333333333,2,0.2,Weighted CP,0.08569999772589654
0.9008333333333334,0.9541666666666667,0.82,0.0,0.0925,2,0.2,Classwise CP,0.3544999926816672
0.8983333333333333,0.9408333333333333,0.8933333333333333,0.0,0.10166666666666667,2,0.2,ACI,9.06070000200998
0.8875,1.415,0.7333333333333333,0.0,0.04583333333333333,2,0.4,Split CP,0.1100999943446368
0.8816666666666667,1.4025,0.7166666666666667,0.0,0.0475,2,0.4,Weighted CP,0.07599999662488699
0.9266666666666666,1.4925,0.9033333333333333,0.0,0.056666666666666664,2,0.4,Classwise CP,0.37730000622104853
0.905,1.4041666666666666,0.89,0.0,0.0675,2,0.4,ACI,9.907900006510317
0.6958333333333333,1.8016666666666667,0.0033333333333333335,0.0,0.03333333333333333,2,0.6,Split CP,0.1142999972216785
0.695,1.7958333333333334,0.0033333333333333335,0.0,0.034166666666666665,2,0.6,Weighted CP,0.08990000060293823
0.6791666666666667,1.8558333333333332,0.01,0.0,0.028333333333333332,2,0.6,Classwise CP,0.3453999961493537
0.9033333333333333,2.0383333333333336,0.87,0.0,0.023333333333333334,2,0.6,ACI,11.590800000703894
0.2758333333333333,1.4016666666666666,0.0,0.0,0.03833333333333333,2,0.8,Split CP,0.16999999934341758
0.2758333333333333,1.4016666666666666,0.0,0.0,0.03833333333333333,2,0.8,Weighted CP,0.08089999028015882
0.2966666666666667,1.4575,0.0,0.0,0.03166666666666667,2,0.8,Classwise CP,0.6518000009236857
0.8958333333333334,2.55,0.8533333333333334,0.8489425981873112,0.015833333333333335,2,0.8,ACI,11.283599989837967
0.20916666666666667,0.895,0.0,0.0,0.1125,2,1.0,Split CP,0.12830000196117908
0.20916666666666667,0.8958333333333334,0.0,0.0,0.11166666666666666,2,1.0,Weighted CP,0.10049999400507659
0.21416666666666667,0.9166666666666666,0.0,0.0,0.095,2,1.0,Classwise CP,0.375300005543977
0.655,2.0475,0.013333333333333334,0.5784543325526932,0.0125,2,1.0,ACI,13.218599997344427
0.9275,0.9366666666666666,0.91,0.0,0.0725,3,0.0,Split CP,0.1444000081392005
0.9275,0.9366666666666666,0.91,0.0,0.0725,3,0.0,Weighted CP,0.06900000153109431
0.93,0.9441666666666667,0.9133333333333333,0.0,0.07,3,0.0,Classwise CP,0.8934000070439652
0.9008333333333334,0.9066666666666666,0.89,0.0,0.09916666666666667,3,0.0,ACI,10.90019999537617
0.8775,1.1283333333333334,0.7433333333333333,0.0,0.058333333333333334,3,0.2,Split CP,0.19029999384656549
0.8875,1.1408333333333334,0.77,0.0,0.055,3,0.2,Weighted CP,0.13100000796839595
0.8208333333333333,1.1025,0.48,0.0,0.049166666666666664,3,0.2,Classwise CP,0.298700004350394
0.9,1.2058333333333333,0.8933333333333333,0.0,0.07333333333333333,3,0.2,ACI,11.287000001175329
0.6841666666666667,0.9291666666666667,0.0,0.0,0.07916666666666666,3,0.4,Split CP,0.09669999417383224
0.6933333333333334,0.9433333333333334,0.0,0.0,0.06833333333333333,3,0.4,Weighted CP,0.08520000847056508
0.7033333333333334,0.9491666666666667,0.0,0.0,0.058333333333333334,3,0.4,Classwise CP,0.31659999513067305
0.76,1.8891666666666667,0.04,0.6502463054187192,0.0,3,0.4,ACI,12.550800005556084
0.7133333333333334,1.5083333333333333,0.0,0.0,0.030833333333333334,3,0.6,Split CP,0.09500001033302397
0.7183333333333334,1.5425,0.0,0.0,0.02666666666666667,3,0.6,Weighted CP,0.08529999468009919
0.7216666666666667,1.5933333333333333,0.0,0.0,0.024166666666666666,3,0.6,Classwise CP,0.3352000057930127
0.7958333333333333,2.2958333333333334,0.18333333333333332,0.5874125874125874,0.0,3,0.6,ACI,9.429500001715496
0.4725,1.3141666666666667,0.0,0.0,0.0275,3,0.8,Split CP,0.09529999806545675
0.4766666666666667,1.3666666666666667,0.0,0.0,0.023333333333333334,3,0.8,Weighted CP,0.09020000288728625
0.47833333333333333,1.4116666666666666,0.0,0.0,0.020833333333333332,3,0.8,Classwise CP,0.31859999580774456
0.6683333333333333,2.1975,0.31,0.4926829268292683,0.0,3,0.8,ACI,12.527500002761371
0.48,1.39,0.0,0.0,0.019166666666666665,3,1.0,Split CP,0.1201999984914437
0.48333333333333334,1.4241666666666666,0.0,0.0,0.015833333333333335,3,1.0,Weighted CP,0.0881000014487654
0.48583333333333334,1.4641666666666666,0.0,0.0,0.013333333333333334,3,1.0,Classwise CP,0.47470000572502613
0.5,1.8483333333333334,0.0,0.43320235756385067,0.0,3,1.0,ACI,10.470499997609295
0.9075,0.9133333333333333,0.8866666666666667,0.0,0.0925,4,0.0,Split CP,0.09969998791348189
0.9066666666666666,0.9125,0.8866666666666667,0.0,0.09333333333333334,4,0.0,Weighted CP,0.08849998994264752
0.9108333333333334,0.9191666666666667,0.89,0.0,0.08916666666666667,4,0.0,Classwise CP,0.3391999925952405
0.9008333333333334,0.9066666666666666,0.8933333333333333,0.0,0.09916666666666667,4,0.0,ACI,11.09569999971427
0.8716666666666667,1.12,0.7866666666666666,0.0,0.075,4,0.2,Split CP,0.1303000026382506
0.85,1.0983333333333334,0.7366666666666667,0.0,0.08416666666666667,4,0.2,Weighted CP,0.11140000424347818
0.895,1.1433333333333333,0.8666666666666667,0.0,0.0775,4,0.2,Classwise CP,0.34020000020973384
0.8983333333333333,1.165,0.8933333333333333,0.0,0.07583333333333334,4,0.2,ACI,11.882899998454377
0.695,1.0783333333333334,0.0,0.0,0.05583333333333333,4,0.4,Split CP,0.13970000145491213
0.6883333333333334,1.0466666666666666,0.0,0.0,0.0625,4,0.4,Weighted CP,0.06830001075286418
0.6925,1.0733333333333333,0.0,0.0,0.058333333333333334,4,0.4,Classwise CP,0.2545000024838373
0.7708333333333334,1.9625,0.09,0.6809015421115066,0.0016666666666666668,4,0.4,ACI,8.153000002494082
0.5358333333333334,1.3358333333333334,0.0,0.0,0.041666666666666664,4,0.6,Split CP,0.10779999138321728
0.5208333333333334,1.2841666666666667,0.0,0.0,0.04416666666666667,4,0.6,Weighted CP,0.08739999611862004
0.5341666666666667,1.3208333333333333,0.0,0.0,0.043333333333333335,4,0.6,Classwise CP,0.32550000469200313
0.7541666666666667,2.2025,0.08,0.5223048327137546,0.005,4,0.6,ACI,12.082999994163401
0.37083333333333335,1.3358333333333334,0.0,0.0,0.0275,4,0.8,Split CP,0.10720000136643648
0.3675,1.3108333333333333,0.0,0.0,0.028333333333333332,4,0.8,Weighted CP,0.10039999324362725
0.36916666666666664,1.3158333333333334,0.0,0.0,0.028333333333333332,4,0.8,Classwise CP,0.374099996406585
0.5083333333333333,1.765,0.0,0.3567318757192175,0.0025,4,0.8,ACI,12.727599998470396
0.22583333333333333,1.1533333333333333,0.0,0.0,0.04833333333333333,4,1.0,Split CP,0.20169999334029853
0.22416666666666665,1.1341666666666668,0.0,0.0,0.050833333333333335,4,1.0,Weighted CP,0.1066999975591898
0.225,1.1491666666666667,0.0,0.0,0.050833333333333335,4,1.0,Classwise CP,0.3549999964889139
0.4083333333333333,1.61,0.0,0.0,0.0008333333333333334,4,1.0,ACI,12.408099995809607
